Top Ten IT Campies in Pakistan,,,,
Rank,Company Name,Industry Focus,Headquarters,Key Services
1,Systems Limited,"IT Consulting, Software Solutions","Lahore, Pakistan","Software development, IT consultancy, Cloud services"
2,NetSol Technologies,"Software Solutions, IT Services","Lahore, Pakistan","Enterprise software solutions, AI, automation"
3,Techlogix,"IT Services, Consulting","Lahore, Pakistan","IT consulting, enterprise solutions, outsourcing"
4,Margalla Software House,"Software Development, IT Services","Islamabad, Pakistan","Custom software solutions, IT consulting, ERP systems"
5,CureMD,Healthcare IT Solutions,"Lahore, Pakistan","E-health solutions, medical records management"
6,Contour Software,"Software Development, IT Services","Karachi, Pakistan","Enterprise software, ERP, business solutions"
7,VentureDive,"Software Development, Mobile App Development","Karachi, Pakistan","Mobile apps, digital transformation, IT consulting"
8,i2c Inc.,"Payment Solutions, Software Services","Islamabad, Pakistan","Payment processing, financial technology, mobile apps"
9,Fiverr (Pakistan),"Freelance Services, IT Development","Lahore, Pakistan","Freelance marketplace, software development"
10,Avalon Solutions,"IT Solutions, Software Development","Karachi, Pakistan","IT consulting, software and web development"
